

INSERT INTO "CONSULTORIA"."USUARIO" (IDUSUARIO, USUARIO, TIPOUSUARIO, CLAVE, MAIL, ACTIVO) VALUES ('1', 'admin1', 'admin', '123', 'admin1@consultoria.cl', '1');
INSERT INTO "CONSULTORIA"."USUARIO" (IDUSUARIO, USUARIO, TIPOUSUARIO, CLAVE, MAIL, ACTIVO) VALUES ('2', 'admin2', 'admin', '123', 'admin2@consultoria.cl', '1');
INSERT INTO "CONSULTORIA"."USUARIO" (IDUSUARIO, USUARIO, TIPOUSUARIO, CLAVE, MAIL, ACTIVO) VALUES ('3', 'cliente1', 'cliente', '123', 'cliente1@cliente1.com', '1');
INSERT INTO "CONSULTORIA"."USUARIO" (IDUSUARIO, USUARIO, TIPOUSUARIO, CLAVE, MAIL, ACTIVO) VALUES ('4', 'cliente2', 'cliente', '123', 'cliente2@cliente2.com', '1');
INSERT INTO "CONSULTORIA"."USUARIO" (IDUSUARIO, USUARIO, TIPOUSUARIO, CLAVE, MAIL, ACTIVO) VALUES ('5', 'cliente3', 'cliente', '123', 'cliente3@cliente3.com', '1');
INSERT INTO "CONSULTORIA"."USUARIO" (IDUSUARIO, USUARIO, TIPOUSUARIO, CLAVE, MAIL, ACTIVO) VALUES ('6', 'cliente4', 'cliente', '123', 'cliente4@cliente4.com', '1');
INSERT INTO "CONSULTORIA"."USUARIO" (IDUSUARIO, USUARIO, TIPOUSUARIO, CLAVE, MAIL, ACTIVO) VALUES ('7', 'prev1', 'profesional', '123', 'prev1@consultoria.cl', '1');
INSERT INTO "CONSULTORIA"."USUARIO" (IDUSUARIO, USUARIO, TIPOUSUARIO, CLAVE, MAIL, ACTIVO) VALUES ('8', 'prev2', 'profesional', '123', 'prev2@consultoria.cl', '1');
INSERT INTO "CONSULTORIA"."USUARIO" (IDUSUARIO, USUARIO, TIPOUSUARIO, CLAVE, MAIL, ACTIVO) VALUES ('9', 'prev3', 'profesional', '123', 'prev3@consultoria.cl', '1');
INSERT INTO "CONSULTORIA"."USUARIO" (IDUSUARIO, USUARIO, TIPOUSUARIO, CLAVE, MAIL, ACTIVO) VALUES ('10', 'prev4', 'profesional', '123', 'prev4@consultoria.cl', '0');


INSERT INTO "CONSULTORIA"."ADMIN" (IDEMPLEADO, NOMBRE, USUARIO_IDUSUARIO) VALUES ('1', 'Juan Administrador', '1');
INSERT INTO "CONSULTORIA"."ADMIN" (IDEMPLEADO, NOMBRE, USUARIO_IDUSUARIO) VALUES ('2', 'Perla Administradora', '2');

INSERT INTO "CONSULTORIA"."PROFESIONAL" (IDEMPLEADO, NOMBRE, USUARIO_IDUSUARIO, CELULAR) VALUES ('3', 'Amanda Prevencionista', '7', '+56912340001');
INSERT INTO "CONSULTORIA"."PROFESIONAL" (IDEMPLEADO, NOMBRE, USUARIO_IDUSUARIO, CELULAR) VALUES ('4', 'Braulio  Prevencionista', '8', '+56912340002');
INSERT INTO "CONSULTORIA"."PROFESIONAL" (IDEMPLEADO, NOMBRE, USUARIO_IDUSUARIO, CELULAR) VALUES ('5', 'Catalina  Prevencionista', '9', '+56912340003');
INSERT INTO "CONSULTORIA"."PROFESIONAL" (IDEMPLEADO, NOMBRE, USUARIO_IDUSUARIO, CELULAR) VALUES ('6', 'Danilo  Prevencionista', '10', '+56912340004');

INSERT INTO "CONSULTORIA"."CLIENTE" (IDCLIENTE, NOMBREEMPRESA, RUTEMPRESA, USUARIO_IDUSUARIO) VALUES ('1', 'Empresa Amarillo', '76000001', '3');
INSERT INTO "CONSULTORIA"."CLIENTE" (IDCLIENTE, NOMBREEMPRESA, RUTEMPRESA, USUARIO_IDUSUARIO) VALUES ('2', 'Empresa Blanco', '76000002', '4');
INSERT INTO "CONSULTORIA"."CLIENTE" (IDCLIENTE, NOMBREEMPRESA, RUTEMPRESA, USUARIO_IDUSUARIO) VALUES ('3', 'Empresa Calipso', '76000003', '5');
INSERT INTO "CONSULTORIA"."CLIENTE" (IDCLIENTE, NOMBREEMPRESA, RUTEMPRESA, USUARIO_IDUSUARIO) VALUES ('4', 'Empresa Dorado', '76000004', '6');
